Workbook

Sheet MushDrink Glovo 2408 AL 3008
A1: codigo_ciudad | B1: dia | C1: hora_inicio | D1: hora_final | E1: accion | F1: rider_id
A2: SAB | B2: 46258 | C2: 0.5 | D2: 0.75 | E2: BOOK | F2: 4515532
A3: SAB | B3: 46258 | C3: 0.5 | D3: 0.75 | E3: BOOK | F3: 4515533
A4: SAB | B4: 46258 | C4: 0.5 | D4: 0.75 | E4: BOOK | F4: 4503209
A5: SAB | B5: 46258 | C5: 0.52083333 | D5: 0.70833333 | E5: BOOK | F5: 4555685
A6: SAB | B6: 46258 | C6: 0.54166667 | D6: 0.70833333 | E6: BOOK | F6: 4502586
A7: SAB | B7: 46258 | C7: 0.5625 | D7: 0.64583333 | E7: BOOK | F7: 4503602
A8: SAB | B8: 46258 | C8: 0.5625 | D8: 0.64583333 | E8: BOOK | F8: 4503208
A9: SAB | B9: 46258 | C9: 0.5625 | D9: 0.64583333 | E9: BOOK | F9: 4503211
A10: SAB | B10: 46258 | C10: 0.75 | D10: 1 | E10: BOOK | F10: 4503212
A11: SAB | B11: 46258 | C11: 0.75 | D11: 1 | E11: BOOK | F11: 4503208
A12: SAB | B12: 46258 | C12: 0.75 | D12: 1 | E12: BOOK | F12: 4571713
A13: SAB | B13: 46258 | C13: 0.8125 | D13: 0.95833333 | E13: BOOK | F13: 4592954
... A208: SAB | B208: 46264 | C208: 0.85416667 | D208: 0.89583333 | E208: BOOK | F208: 4503212
A209: SAB
A210: SAB
A211: SAB

Sheet HORAS TOTALES
B9: 1 | C9: 4502586 | D9: CARLOS ROBAINA | F9: =SUMIF('MushDrink Glovo 2408 AL 3008'!F2:F211,C9,'MushDrink Glovo 2408 AL 3008'!#REF!) -> #REF! | G9: 40 | H9: =+F9-G9 -> #REF! | K9: CARLOS ROBAINA | L9: 4502586
B10: 2 | C10: 4503208 | D10: MAURICIO FULCADO | F10: =SUMIF('MushDrink Glovo 2408 AL 3008'!F2:F211,C10,'MushDrink Glovo 2408 AL 3008'!#REF!) -> #REF! | G10: 40 | H10: =+F10-G10 -> #REF! | K10: MAURICIO FULCADO | L10: 4503208
B11: 3 | C11: 4503209 | D11: MAFER RAMIREZ | F11: =SUMIF('MushDrink Glovo 2408 AL 3008'!F2:F211,C11,'MushDrink Glovo 2408 AL 3008'!#REF!) -> #REF! | G11: 40 | H11: =+F11-G11 -> #REF! | K11: MAFER RAMIREZ | L11: 4503209
B12: 4 | C12: 4503211 | D12: JONATHAN VELANDIA | F12: =SUMIF('MushDrink Glovo 2408 AL 3008'!F2:F211,C12,'MushDrink Glovo 2408 AL 3008'!#REF!) -> #REF! | G12: 40 | H12: =+F12-G12 -> #REF! | K12: JONATHAN VELANDIA | L12: 4503211
B13: 5 | C13: 4503212 | D13: GABRIEL CARRILLO | F13: =SUMIF('MushDrink Glovo 2408 AL 3008'!F2:F211,C13,'MushDrink Glovo 2408 AL 3008'!#REF!) -> #REF! | G13: 40 | H13: =+F13-G13 -> #REF! | K13: GABRIEL CARRILLO | L13: 4503212
B14: 6 | C14: 4503602 | D14: EMMANUEL GONZALEZ | F14: =SUMIF('MushDrink Glovo 2408 AL 3008'!F2:F211,C14,'MushDrink Glovo 2408 AL 3008'!#REF!) -> #REF! | G14: 40 | H14: =+F14-G14 -> #REF! | K14: EMMANUEL GONZALEZ | L14: 4503602
B15: 7 | C15: 4515532 | D15: ALEXANDER MARIN | F15: =SUMIF('MushDrink Glovo 2408 AL 3008'!F2:F211,C15,'MushDrink Glovo 2408 AL 3008'!#REF!) -> #REF! | G15: 40 | H15: =+F15-G15 -> #REF! | K15: ALEXANDER MARIN | L15: 4515532
B16: 8 | C16: 4515533 | D16: MATHIAS PAEZ | F16: =SUMIF('MushDrink Glovo 2408 AL 3008'!F2:F211,C16,'MushDrink Glovo 2408 AL 3008'!#REF!) -> #REF! | G16: 40 | H16: =+F16-G16 -> #REF! | K16: MATHIAS PAEZ | L16: 4515533
B17: 9 | C17: 4529491 | D17: ANGEL CARVAJAL | F17: =SUMIF('MushDrink Glovo 2408 AL 3008'!F2:F211,C17,'MushDrink Glovo 2408 AL 3008'!#REF!) -> #REF! | G17: 30 | H17: =+F17-G17 -> #REF! | K17: ANGEL CARVAJAL | L17: 4529491
B18: 10 | C18: 4555685 | D18: MARCO UZCATEGUI | F18: =SUMIF('MushDrink Glovo 2408 AL 3008'!F2:F211,C18,'MushDrink Glovo 2408 AL 3008'!#REF!) -> #REF! | G18: 30 | H18: =+F18-G18 -> #REF! | K18: MARCO UZCATEGUI | L18: 4555685
B19: 11 | C19: 4571710 | D19: HERMA | F19: =SUMIF('MushDrink Glovo 2408 AL 3008'!F2:F211,C19,'MushDrink Glovo 2408 AL 3008'!#REF!) -> #REF! | G19: 30 | H19: =+F19-G19 -> #REF! | K19: HERMA TAMICHE | L19: 4571710
B20: 12 | C20: 4571713 | D20: JEAN FRANCO | F20: =SUMIF('MushDrink Glovo 2408 AL 3008'!F2:F211,C20,'MushDrink Glovo 2408 AL 3008'!#REF!) -> #REF! | G20: 30 | H20: =+F20-G20 -> #REF! | K20: JEAN FRANCO | L20: 4571713
B21: 13 | C21: 4592954 | D21: CESAR OROPEZA | F21: =SUMIF('MushDrink Glovo 2408 AL 3008'!F2:F211,C21,'MushDrink Glovo 2408 AL 3008'!#REF!) -> #REF! | G21: 20 | H21: =+F21-G21 -> #REF! | K21: CESAR OROPEZA | L21: 4592954
B22: 14 | C22: 4592955 | D22: NERIOS | F22: =SUMIF('MushDrink Glovo 2408 AL 3008'!F2:F211,C22,'MushDrink Glovo 2408 AL 3008'!#REF!) -> #REF! | G22: 20 | H22: =+F22-G22 -> #REF! | K22: NERIOS ROSSELL | L22: 4592955
B23: 15 | C23: 4592956 | D23: LUIS ESPLUGUEZ | F23: =SUMIF('MushDrink Glovo 2408 AL 3008'!F2:F211,C23,'MushDrink Glovo 2408 AL 3008'!#REF!) -> #REF! | G23: 20 | H23: =+F23-G23 -> #REF! | K23: LUIS ESPLUGUEZ | L23: 4592956
B24: 16 | C24: 4592958 | D24: FREDDY | F24: =SUMIF('MushDrink Glovo 2408 AL 3008'!F2:F211,C24,'MushDrink Glovo 2408 AL 3008'!#REF!) -> #REF! | G24: 20 | H24: =+F24-G24 -> #REF! | K24: FREDDY | L24: 4592958
B25: 17 | C25: 4594875 | D25: ROBERT REINOZA | F25: =SUMIF('MushDrink Glovo 2408 AL 3008'!F2:F211,C25,'MushDrink Glovo 2408 AL 3008'!#REF!) -> #REF! | G25: 20 | H25: =+F25-G25 -> #REF! | K25: ROBERT REINOZA | L25: 4594875
B26: 18 | C26: 4594878 | D26: FREDERRYC | F26: =SUMIF('MushDrink Glovo 2408 AL 3008'!F2:F211,C26,'MushDrink Glovo 2408 AL 3008'!#REF!) -> #REF! | G26: 20 | H26: =+F26-G26 -> #REF! | K26: FREDDERYK | L26: 4594878
B27: 19 | C27: 4639813 | D27: NORMA | F27: =SUMIF('MushDrink Glovo 2408 AL 3008'!F2:F211,C27,'MushDrink Glovo 2408 AL 3008'!#REF!) -> #REF! | G27: 20 | H27: =+F27-G27 -> #REF! | K27: NORMA | L27: 4639813
B28: 20 | C28: 4639814 | D28: ALASKA | F28: =SUMIF('MushDrink Glovo 2408 AL 3008'!F2:F211,C28,'MushDrink Glovo 2408 AL 3008'!#REF!) -> #REF! | G28: 20 | H28: =+F28-G28 -> #REF! | K28: ALASKA | L28: 4639814
B29: 21 | C29: 4639815 | D29: ROBERT MONSERRAT | F29: =SUMIF('MushDrink Glovo 2408 AL 3008'!F2:F211,C29,'MushDrink Glovo 2408 AL 3008'!#REF!) -> #REF! | G29: 20 | H29: =+F29-G29 -> #REF! | K29: ROBERT MONSERRAT | L29: 4639815
B30: 22 | C30: 4655053 | D30: GEORLAND | F30: =SUMIF('MushDrink Glovo 2408 AL 3008'!F2:F211,C30,'MushDrink Glovo 2408 AL 3008'!#REF!) -> #REF! | G30: 30 | H30: =+F30-G30 -> #REF! | K30: GEORLAND | L30: 4655053
B31: 23 | C31: 4662891 | D31: JHOSMER | F31: =SUMIF('MushDrink Glovo 2408 AL 3008'!F2:F211,C31,'MushDrink Glovo 2408 AL 3008'!#REF!) -> #REF! | G31: 20 | H31: =+F31-G31 -> #REF! | K31: JHOSMER | L31: 4662891
B32: 24 | C32: 4687178 | D32: DANIEL AZOCAR | F32: =SUMIF('MushDrink Glovo 2408 AL 3008'!F2:F211,C32,'MushDrink Glovo 2408 AL 3008'!#REF!) -> #REF! | G32: 20 | H32: =+F32-G32 -> #REF! | K32: DANIEL AZOCAR | L32: 4687178
B33: 25 | C33: 4690296 | D33: JESUS MARTINEZ | F33: =SUMIF('MushDrink Glovo 2408 AL 3008'!F2:F211,C33,'MushDrink Glovo 2408 AL 3008'!#REF!) -> #REF! | G33: 30 | H33: =+F33-G33 -> #REF! | K33: JESUS MARTINEZ | L33: 4690296
F34: =SUM(F9:F33) -> #REF! | H34: =SUM(H21:H33) -> #REF! | K34: JESUS MARTINEZ
K35: GEORLAND
K36: ROBERT MONSERRAT
K37: FREDDY
K38: DANIEL AZOCAR
